latitude,longitude
38.91051280711688,-66.07230144577599
37.992464782278745,-66.07230144577599
45.00533488660494,-67.24460289155195
44.17047370914357,-67.24460289155195
40.71136880717134,-67.24460289155195
39.81683888082927,-67.24460289155195
38.91051280711688,-67.24460289155195
37.992464782278745,-67.24460289155195
37.06278192092171,-67.24460289155195
46.639085880660545,-68.41690433732794
45.82820395218777,-68.41690433732794
45.00533488660494,-68.41690433732794
44.17047370914357,-68.41690433732794
43.323625483165365,-68.41690433732794
42.4648057443318,-68.41690433732794
41.59404093076307,-68.41690433732794
40.71136880717134,-68.41690433732794
39.81683888082927,-68.41690433732794
38.91051280711688,-68.41690433732794
37.992464782278745,-68.41690433732794
37.06278192092171,-68.41690433732794
45.82820395218777,-69.5892057831039
45.00533488660494,-69.5892057831039
44.17047370914357,-69.5892057831039
43.323625483165365,-69.5892057831039
42.4648057443318,-69.5892057831039
41.59404093076307,-69.5892057831039
40.71136880717134,-69.5892057831039
39.81683888082927,-69.5892057831039
38.91051280711688,-69.5892057831039
37.992464782278745,-69.5892057831039
37.06278192092171,-69.5892057831039
36.12156461569248,-69.5892057831039
45.00533488660494,-70.76150722887988
44.17047370914357,-70.76150722887988
43.323625483165365,-70.76150722887988
42.4648057443318,-70.76150722887988
41.59404093076307,-70.76150722887988
40.71136880717134,-70.76150722887988
39.81683888082927,-70.76150722887988
38.91051280711688,-70.76150722887988
37.992464782278745,-70.76150722887988
37.06278192092171,-70.76150722887988
36.12156461569248,-70.76150722887988
35.16892687649634,-70.76150722887988
34.204996646555486,-70.76150722887988
33.22991609255938,-70.76150722887988
32.24384186613307,-70.76150722887988
44.17047370914357,-71.93380867465586
43.323625483165365,-71.93380867465586
42.4648057443318,-71.93380867465586
41.59404093076307,-71.93380867465586
40.71136880717134,-71.93380867465586
39.81683888082927,-71.93380867465586
38.91051280711688,-71.93380867465586
37.992464782278745,-71.93380867465586
37.06278192092171,-71.93380867465586
36.12156461569248,-71.93380867465586
35.16892687649634,-71.93380867465586
34.204996646555486,-71.93380867465586
33.22991609255938,-71.93380867465586
32.24384186613307,-71.93380867465586
31.246945333843115,-71.93380867465586
30.239412772978504,-71.93380867465586
45.00533488660494,-73.10611012043184
44.17047370914357,-73.10611012043184
43.323625483165365,-73.10611012043184
42.4648057443318,-73.10611012043184
41.59404093076307,-73.10611012043184
40.71136880717134,-73.10611012043184
39.81683888082927,-73.10611012043184
38.91051280711688,-73.10611012043184
37.992464782278745,-73.10611012043184
37.06278192092171,-73.10611012043184
36.12156461569248,-73.10611012043184
35.16892687649634,-73.10611012043184
34.204996646555486,-73.10611012043184
33.22991609255938,-73.10611012043184
32.24384186613307,-73.10611012043184
31.246945333843115,-73.10611012043184
44.17047370914357,-74.27841156620781
43.323625483165365,-74.27841156620781
42.4648057443318,-74.27841156620781
41.59404093076307,-74.27841156620781
40.71136880717134,-74.27841156620781
39.81683888082927,-74.27841156620781
38.91051280711688,-74.27841156620781
37.992464782278745,-74.27841156620781
37.06278192092171,-74.27841156620781
36.12156461569248,-74.27841156620781
35.16892687649634,-74.27841156620781
34.204996646555486,-74.27841156620781
33.22991609255938,-74.27841156620781
32.24384186613307,-74.27841156620781
31.246945333843115,-74.27841156620781
44.17047370914357,-75.4507130119838
43.323625483165365,-75.4507130119838
42.4648057443318,-75.4507130119838
41.59404093076307,-75.4507130119838
40.71136880717134,-75.4507130119838
39.81683888082927,-75.4507130119838
38.91051280711688,-75.4507130119838
37.992464782278745,-75.4507130119838
37.06278192092171,-75.4507130119838
36.12156461569248,-75.4507130119838
35.16892687649634,-75.4507130119838
34.204996646555486,-75.4507130119838
33.22991609255938,-75.4507130119838
32.24384186613307,-75.4507130119838
31.246945333843115,-75.4507130119838
43.323625483165365,-76.62301445775977
42.4648057443318,-76.62301445775977
41.59404093076307,-76.62301445775977
40.71136880717134,-76.62301445775977
39.81683888082927,-76.62301445775977
38.91051280711688,-76.62301445775977
37.992464782278745,-76.62301445775977
37.06278192092171,-76.62301445775977
36.12156461569248,-76.62301445775977
35.16892687649634,-76.62301445775977
34.204996646555486,-76.62301445775977
33.22991609255938,-76.62301445775977
32.24384186613307,-76.62301445775977
31.246945333843115,-76.62301445775977
43.323625483165365,-77.79531590353575
42.4648057443318,-77.79531590353575
41.59404093076307,-77.79531590353575
40.71136880717134,-77.79531590353575
39.81683888082927,-77.79531590353575
38.91051280711688,-77.79531590353575
37.992464782278745,-77.79531590353575
37.06278192092171,-77.79531590353575
36.12156461569248,-77.79531590353575
35.16892687649634,-77.79531590353575
34.204996646555486,-77.79531590353575
33.22991609255938,-77.79531590353575
32.24384186613307,-77.79531590353575
31.246945333843115,-77.79531590353575
30.239412772978504,-77.79531590353575
43.323625483165365,-78.96761734931172
42.4648057443318,-78.96761734931172
41.59404093076307,-78.96761734931172
40.71136880717134,-78.96761734931172
39.81683888082927,-78.96761734931172
38.91051280711688,-78.96761734931172
37.992464782278745,-78.96761734931172
37.06278192092171,-78.96761734931172
36.12156461569248,-78.96761734931172
35.16892687649634,-78.96761734931172
34.204996646555486,-78.96761734931172
33.22991609255938,-78.96761734931172
32.24384186613307,-78.96761734931172
31.246945333843115,-78.96761734931172
30.239412772978504,-78.96761734931172
29.221445530385562,-78.96761734931172
28.193260141704137,-78.96761734931172
42.4648057443318,-80.1399187950877
41.59404093076307,-80.1399187950877
40.71136880717134,-80.1399187950877
39.81683888082927,-80.1399187950877
38.91051280711688,-80.1399187950877
37.992464782278745,-80.1399187950877
37.06278192092171,-80.1399187950877
36.12156461569248,-80.1399187950877
35.16892687649634,-80.1399187950877
34.204996646555486,-80.1399187950877
33.22991609255938,-80.1399187950877
32.24384186613307,-80.1399187950877
31.246945333843115,-80.1399187950877
30.239412772978504,-80.1399187950877
29.221445530385562,-80.1399187950877
28.193260141704137,-80.1399187950877
27.15508840844792,-80.1399187950877
26.107177430497096,-80.1399187950877
25.04978959172445,-80.1399187950877
41.59404093076307,-81.31222024086367
40.71136880717134,-81.31222024086367
39.81683888082927,-81.31222024086367
38.91051280711688,-81.31222024086367
37.992464782278745,-81.31222024086367
37.06278192092171,-81.31222024086367
36.12156461569248,-81.31222024086367
35.16892687649634,-81.31222024086367
34.204996646555486,-81.31222024086367
33.22991609255938,-81.31222024086367
32.24384186613307,-81.31222024086367
31.246945333843115,-81.31222024086367
30.239412772978504,-81.31222024086367
29.221445530385562,-81.31222024086367
28.193260141704137,-81.31222024086367
27.15508840844792,-81.31222024086367
26.107177430497096,-81.31222024086367
25.04978959172445,-81.31222024086367
44.17047370914357,-82.48452168663964
43.323625483165365,-82.48452168663964
41.59404093076307,-82.48452168663964
40.71136880717134,-82.48452168663964
39.81683888082927,-82.48452168663964
38.91051280711688,-82.48452168663964
37.992464782278745,-82.48452168663964
37.06278192092171,-82.48452168663964
36.12156461569248,-82.48452168663964
35.16892687649634,-82.48452168663964
34.204996646555486,-82.48452168663964
33.22991609255938,-82.48452168663964
32.24384186613307,-82.48452168663964
31.246945333843115,-82.48452168663964
30.239412772978504,-82.48452168663964
29.221445530385562,-82.48452168663964
28.193260141704137,-82.48452168663964
27.15508840844792,-82.48452168663964
26.107177430497096,-82.48452168663964
25.04978959172445,-82.48452168663964
45.00533488660494,-83.65682313241562
44.17047370914357,-83.65682313241562
43.323625483165365,-83.65682313241562
42.4648057443318,-83.65682313241562
41.59404093076307,-83.65682313241562
40.71136880717134,-83.65682313241562
39.81683888082927,-83.65682313241562
38.91051280711688,-83.65682313241562
37.992464782278745,-83.65682313241562
37.06278192092171,-83.65682313241562
36.12156461569248,-83.65682313241562
35.16892687649634,-83.65682313241562
34.204996646555486,-83.65682313241562
33.22991609255938,-83.65682313241562
32.24384186613307,-83.65682313241562
31.246945333843115,-83.65682313241562
30.239412772978504,-83.65682313241562
29.221445530385562,-83.65682313241562
28.193260141704137,-83.65682313241562
27.15508840844792,-83.65682313241562
26.107177430497096,-83.65682313241562
25.04978959172445,-83.65682313241562
46.639085880660545,-84.8291245781916
45.82820395218777,-84.8291245781916
45.00533488660494,-84.8291245781916
44.17047370914357,-84.8291245781916
43.323625483165365,-84.8291245781916
42.4648057443318,-84.8291245781916
41.59404093076307,-84.8291245781916
40.71136880717134,-84.8291245781916
39.81683888082927,-84.8291245781916
38.91051280711688,-84.8291245781916
37.992464782278745,-84.8291245781916
37.06278192092171,-84.8291245781916
36.12156461569248,-84.8291245781916
35.16892687649634,-84.8291245781916
34.204996646555486,-84.8291245781916
33.22991609255938,-84.8291245781916
32.24384186613307,-84.8291245781916
31.246945333843115,-84.8291245781916
30.239412772978504,-84.8291245781916
29.221445530385562,-84.8291245781916
28.193260141704137,-84.8291245781916
27.15508840844792,-84.8291245781916
26.107177430497096,-84.8291245781916
47.43799524862995,-86.00142602396758
46.639085880660545,-86.00142602396758
45.82820395218777,-86.00142602396758
45.00533488660494,-86.00142602396758
44.17047370914357,-86.00142602396758
43.323625483165365,-86.00142602396758
42.4648057443318,-86.00142602396758
41.59404093076307,-86.00142602396758
40.71136880717134,-86.00142602396758
39.81683888082927,-86.00142602396758
38.91051280711688,-86.00142602396758
37.992464782278745,-86.00142602396758
37.06278192092171,-86.00142602396758
36.12156461569248,-86.00142602396758
35.16892687649634,-86.00142602396758
34.204996646555486,-86.00142602396758
33.22991609255938,-86.00142602396758
32.24384186613307,-86.00142602396758
31.246945333843115,-86.00142602396758
30.239412772978504,-86.00142602396758
29.221445530385562,-86.00142602396758
28.193260141704137,-86.00142602396758
27.15508840844792,-86.00142602396758
26.107177430497096,-86.00142602396758
47.43799524862995,-87.17372746974355
46.639085880660545,-87.17372746974355
45.82820395218777,-87.17372746974355
45.00533488660494,-87.17372746974355
44.17047370914357,-87.17372746974355
43.323625483165365,-87.17372746974355
42.4648057443318,-87.17372746974355
41.59404093076307,-87.17372746974355
40.71136880717134,-87.17372746974355
39.81683888082927,-87.17372746974355
38.91051280711688,-87.17372746974355
37.992464782278745,-87.17372746974355
37.06278192092171,-87.17372746974355
36.12156461569248,-87.17372746974355
35.16892687649634,-87.17372746974355
34.204996646555486,-87.17372746974355
33.22991609255938,-87.17372746974355
32.24384186613307,-87.17372746974355
31.246945333843115,-87.17372746974355
30.239412772978504,-87.17372746974355
29.221445530385562,-87.17372746974355
28.193260141704137,-87.17372746974355
27.15508840844792,-87.17372746974355
26.107177430497096,-87.17372746974355
48.22495579788434,-88.34602891551951
47.43799524862995,-88.34602891551951
46.639085880660545,-88.34602891551951
45.82820395218777,-88.34602891551951
45.00533488660494,-88.34602891551951
44.17047370914357,-88.34602891551951
43.323625483165365,-88.34602891551951
42.4648057443318,-88.34602891551951
41.59404093076307,-88.34602891551951
40.71136880717134,-88.34602891551951
39.81683888082927,-88.34602891551951
38.91051280711688,-88.34602891551951
37.992464782278745,-88.34602891551951
37.06278192092171,-88.34602891551951
36.12156461569248,-88.34602891551951
35.16892687649634,-88.34602891551951
34.204996646555486,-88.34602891551951
33.22991609255938,-88.34602891551951
32.24384186613307,-88.34602891551951
31.246945333843115,-88.34602891551951
30.239412772978504,-88.34602891551951
29.221445530385562,-88.34602891551951
28.193260141704137,-88.34602891551951
27.15508840844792,-88.34602891551951
26.107177430497096,-88.34602891551951
47.43799524862995,-89.5183303612955
46.639085880660545,-89.5183303612955
45.82820395218777,-89.5183303612955
45.00533488660494,-89.5183303612955
44.17047370914357,-89.5183303612955
43.323625483165365,-89.5183303612955
42.4648057443318,-89.5183303612955
41.59404093076307,-89.5183303612955
40.71136880717134,-89.5183303612955
39.81683888082927,-89.5183303612955
38.91051280711688,-89.5183303612955
37.992464782278745,-89.5183303612955
37.06278192092171,-89.5183303612955
36.12156461569248,-89.5183303612955
35.16892687649634,-89.5183303612955
34.204996646555486,-89.5183303612955
33.22991609255938,-89.5183303612955
32.24384186613307,-89.5183303612955
31.246945333843115,-89.5183303612955
30.239412772978504,-89.5183303612955
29.221445530385562,-89.5183303612955
28.193260141704137,-89.5183303612955
27.15508840844792,-89.5183303612955
26.107177430497096,-89.5183303612955
48.22495579788434,-90.69063180707147
47.43799524862995,-90.69063180707147
46.639085880660545,-90.69063180707147
45.82820395218777,-90.69063180707147
45.00533488660494,-90.69063180707147
44.17047370914357,-90.69063180707147
43.323625483165365,-90.69063180707147
42.4648057443318,-90.69063180707147
41.59404093076307,-90.69063180707147
40.71136880717134,-90.69063180707147
39.81683888082927,-90.69063180707147
38.91051280711688,-90.69063180707147
37.992464782278745,-90.69063180707147
37.06278192092171,-90.69063180707147
36.12156461569248,-90.69063180707147
35.16892687649634,-90.69063180707147
34.204996646555486,-90.69063180707147
33.22991609255938,-90.69063180707147
32.24384186613307,-90.69063180707147
31.246945333843115,-90.69063180707147
30.239412772978504,-90.69063180707147
29.221445530385562,-90.69063180707147
28.193260141704137,-90.69063180707147
27.15508840844792,-90.69063180707147
26.107177430497096,-90.69063180707147
48.22495579788434,-91.86293325284745
47.43799524862995,-91.86293325284745
46.639085880660545,-91.86293325284745
45.82820395218777,-91.86293325284745
45.00533488660494,-91.86293325284745
44.17047370914357,-91.86293325284745
43.323625483165365,-91.86293325284745
42.4648057443318,-91.86293325284745
41.59404093076307,-91.86293325284745
40.71136880717134,-91.86293325284745
39.81683888082927,-91.86293325284745
38.91051280711688,-91.86293325284745
37.992464782278745,-91.86293325284745
37.06278192092171,-91.86293325284745
36.12156461569248,-91.86293325284745
35.16892687649634,-91.86293325284745
34.204996646555486,-91.86293325284745
33.22991609255938,-91.86293325284745
32.24384186613307,-91.86293325284745
31.246945333843115,-91.86293325284745
30.239412772978504,-91.86293325284745
29.221445530385562,-91.86293325284745
28.193260141704137,-91.86293325284745
27.15508840844792,-91.86293325284745
26.107177430497096,-91.86293325284745
47.43799524862995,-93.03523469862343
46.639085880660545,-93.03523469862343
45.82820395218777,-93.03523469862343
45.00533488660494,-93.03523469862343
44.17047370914357,-93.03523469862343
43.323625483165365,-93.03523469862343
42.4648057443318,-93.03523469862343
41.59404093076307,-93.03523469862343
40.71136880717134,-93.03523469862343
39.81683888082927,-93.03523469862343
38.91051280711688,-93.03523469862343
37.992464782278745,-93.03523469862343
37.06278192092171,-93.03523469862343
36.12156461569248,-93.03523469862343
35.16892687649634,-93.03523469862343
34.204996646555486,-93.03523469862343
33.22991609255938,-93.03523469862343
32.24384186613307,-93.03523469862343
31.246945333843115,-93.03523469862343
30.239412772978504,-93.03523469862343
29.221445530385562,-93.03523469862343
28.193260141704137,-93.03523469862343
27.15508840844792,-93.03523469862343
26.107177430497096,-93.03523469862343
25.04978959172445,-93.03523469862343
49.00000000000001,-94.2075361443994
48.22495579788434,-94.2075361443994
47.43799524862995,-94.2075361443994
46.639085880660545,-94.2075361443994
45.82820395218777,-94.2075361443994
45.00533488660494,-94.2075361443994
44.17047370914357,-94.2075361443994
43.323625483165365,-94.2075361443994
42.4648057443318,-94.2075361443994
41.59404093076307,-94.2075361443994
40.71136880717134,-94.2075361443994
39.81683888082927,-94.2075361443994
38.91051280711688,-94.2075361443994
37.992464782278745,-94.2075361443994
37.06278192092171,-94.2075361443994
36.12156461569248,-94.2075361443994
35.16892687649634,-94.2075361443994
34.204996646555486,-94.2075361443994
33.22991609255938,-94.2075361443994
32.24384186613307,-94.2075361443994
31.246945333843115,-94.2075361443994
30.239412772978504,-94.2075361443994
29.221445530385562,-94.2075361443994
28.193260141704137,-94.2075361443994
27.15508840844792,-94.2075361443994
26.107177430497096,-94.2075361443994
25.04978959172445,-94.2075361443994
49.00000000000001,-95.37983759017537
48.22495579788434,-95.37983759017537
47.43799524862995,-95.37983759017537
46.639085880660545,-95.37983759017537
45.82820395218777,-95.37983759017537
45.00533488660494,-95.37983759017537
44.17047370914357,-95.37983759017537
43.323625483165365,-95.37983759017537
42.4648057443318,-95.37983759017537
41.59404093076307,-95.37983759017537
40.71136880717134,-95.37983759017537
39.81683888082927,-95.37983759017537
38.91051280711688,-95.37983759017537
37.992464782278745,-95.37983759017537
37.06278192092171,-95.37983759017537
36.12156461569248,-95.37983759017537
35.16892687649634,-95.37983759017537
34.204996646555486,-95.37983759017537
33.22991609255938,-95.37983759017537
32.24384186613307,-95.37983759017537
31.246945333843115,-95.37983759017537
30.239412772978504,-95.37983759017537
29.221445530385562,-95.37983759017537
28.193260141704137,-95.37983759017537
27.15508840844792,-95.37983759017537
26.107177430497096,-95.37983759017537
49.00000000000001,-96.55213903595134
48.22495579788434,-96.55213903595134
47.43799524862995,-96.55213903595134
46.639085880660545,-96.55213903595134
45.82820395218777,-96.55213903595134
45.00533488660494,-96.55213903595134
44.17047370914357,-96.55213903595134
43.323625483165365,-96.55213903595134
42.4648057443318,-96.55213903595134
41.59404093076307,-96.55213903595134
40.71136880717134,-96.55213903595134
39.81683888082927,-96.55213903595134
38.91051280711688,-96.55213903595134
37.992464782278745,-96.55213903595134
37.06278192092171,-96.55213903595134
36.12156461569248,-96.55213903595134
35.16892687649634,-96.55213903595134
34.204996646555486,-96.55213903595134
33.22991609255938,-96.55213903595134
32.24384186613307,-96.55213903595134
31.246945333843115,-96.55213903595134
30.239412772978504,-96.55213903595134
29.221445530385562,-96.55213903595134
28.193260141704137,-96.55213903595134
27.15508840844792,-96.55213903595134
26.107177430497096,-96.55213903595134
48.22495579788434,-97.72444048172733
47.43799524862995,-97.72444048172733
46.639085880660545,-97.72444048172733
45.82820395218777,-97.72444048172733
45.00533488660494,-97.72444048172733
44.17047370914357,-97.72444048172733
43.323625483165365,-97.72444048172733
42.4648057443318,-97.72444048172733
41.59404093076307,-97.72444048172733
40.71136880717134,-97.72444048172733
39.81683888082927,-97.72444048172733
38.91051280711688,-97.72444048172733
37.992464782278745,-97.72444048172733
37.06278192092171,-97.72444048172733
36.12156461569248,-97.72444048172733
35.16892687649634,-97.72444048172733
34.204996646555486,-97.72444048172733
33.22991609255938,-97.72444048172733
32.24384186613307,-97.72444048172733
31.246945333843115,-97.72444048172733
30.239412772978504,-97.72444048172733
29.221445530385562,-97.72444048172733
28.193260141704137,-97.72444048172733
27.15508840844792,-97.72444048172733
26.107177430497096,-97.72444048172733
49.00000000000001,-98.8967419275033
48.22495579788434,-98.8967419275033
47.43799524862995,-98.8967419275033
46.639085880660545,-98.8967419275033
45.82820395218777,-98.8967419275033
45.00533488660494,-98.8967419275033
44.17047370914357,-98.8967419275033
43.323625483165365,-98.8967419275033
42.4648057443318,-98.8967419275033
41.59404093076307,-98.8967419275033
40.71136880717134,-98.8967419275033
39.81683888082927,-98.8967419275033
38.91051280711688,-98.8967419275033
37.992464782278745,-98.8967419275033
37.06278192092171,-98.8967419275033
36.12156461569248,-98.8967419275033
35.16892687649634,-98.8967419275033
34.204996646555486,-98.8967419275033
33.22991609255938,-98.8967419275033
32.24384186613307,-98.8967419275033
31.246945333843115,-98.8967419275033
30.239412772978504,-98.8967419275033
29.221445530385562,-98.8967419275033
28.193260141704137,-98.8967419275033
27.15508840844792,-98.8967419275033
48.22495579788434,-100.06904337327927
47.43799524862995,-100.06904337327927
46.639085880660545,-100.06904337327927
45.82820395218777,-100.06904337327927
45.00533488660494,-100.06904337327927
44.17047370914357,-100.06904337327927
43.323625483165365,-100.06904337327927
42.4648057443318,-100.06904337327927
41.59404093076307,-100.06904337327927
40.71136880717134,-100.06904337327927
39.81683888082927,-100.06904337327927
38.91051280711688,-100.06904337327927
37.992464782278745,-100.06904337327927
37.06278192092171,-100.06904337327927
36.12156461569248,-100.06904337327927
35.16892687649634,-100.06904337327927
34.204996646555486,-100.06904337327927
33.22991609255938,-100.06904337327927
32.24384186613307,-100.06904337327927
31.246945333843115,-100.06904337327927
30.239412772978504,-100.06904337327927
29.221445530385562,-100.06904337327927
28.193260141704137,-100.06904337327927
49.00000000000001,-101.24134481905526
48.22495579788434,-101.24134481905526
47.43799524862995,-101.24134481905526
46.639085880660545,-101.24134481905526
45.82820395218777,-101.24134481905526
45.00533488660494,-101.24134481905526
44.17047370914357,-101.24134481905526
43.323625483165365,-101.24134481905526
42.4648057443318,-101.24134481905526
41.59404093076307,-101.24134481905526
40.71136880717134,-101.24134481905526
39.81683888082927,-101.24134481905526
38.91051280711688,-101.24134481905526
37.992464782278745,-101.24134481905526
37.06278192092171,-101.24134481905526
36.12156461569248,-101.24134481905526
35.16892687649634,-101.24134481905526
34.204996646555486,-101.24134481905526
33.22991609255938,-101.24134481905526
32.24384186613307,-101.24134481905526
31.246945333843115,-101.24134481905526
30.239412772978504,-101.24134481905526
49.00000000000001,-102.41364626483123
48.22495579788434,-102.41364626483123
47.43799524862995,-102.41364626483123
46.639085880660545,-102.41364626483123
45.82820395218777,-102.41364626483123
45.00533488660494,-102.41364626483123
44.17047370914357,-102.41364626483123
43.323625483165365,-102.41364626483123
42.4648057443318,-102.41364626483123
41.59404093076307,-102.41364626483123
40.71136880717134,-102.41364626483123
39.81683888082927,-102.41364626483123
38.91051280711688,-102.41364626483123
37.992464782278745,-102.41364626483123
37.06278192092171,-102.41364626483123
36.12156461569248,-102.41364626483123
35.16892687649634,-102.41364626483123
34.204996646555486,-102.41364626483123
33.22991609255938,-102.41364626483123
32.24384186613307,-102.41364626483123
31.246945333843115,-102.41364626483123
30.239412772978504,-102.41364626483123
29.221445530385562,-102.41364626483123
49.00000000000001,-103.5859477106072
48.22495579788434,-103.5859477106072
47.43799524862995,-103.5859477106072
46.639085880660545,-103.5859477106072
45.82820395218777,-103.5859477106072
45.00533488660494,-103.5859477106072
44.17047370914357,-103.5859477106072
43.323625483165365,-103.5859477106072
42.4648057443318,-103.5859477106072
41.59404093076307,-103.5859477106072
40.71136880717134,-103.5859477106072
39.81683888082927,-103.5859477106072
38.91051280711688,-103.5859477106072
37.992464782278745,-103.5859477106072
37.06278192092171,-103.5859477106072
36.12156461569248,-103.5859477106072
35.16892687649634,-103.5859477106072
34.204996646555486,-103.5859477106072
33.22991609255938,-103.5859477106072
32.24384186613307,-103.5859477106072
31.246945333843115,-103.5859477106072
30.239412772978504,-103.5859477106072
29.221445530385562,-103.5859477106072
49.00000000000001,-104.75824915638317
48.22495579788434,-104.75824915638317
47.43799524862995,-104.75824915638317
46.639085880660545,-104.75824915638317
45.82820395218777,-104.75824915638317
45.00533488660494,-104.75824915638317
44.17047370914357,-104.75824915638317
43.323625483165365,-104.75824915638317
42.4648057443318,-104.75824915638317
41.59404093076307,-104.75824915638317
40.71136880717134,-104.75824915638317
39.81683888082927,-104.75824915638317
38.91051280711688,-104.75824915638317
37.992464782278745,-104.75824915638317
37.06278192092171,-104.75824915638317
36.12156461569248,-104.75824915638317
35.16892687649634,-104.75824915638317
34.204996646555486,-104.75824915638317
33.22991609255938,-104.75824915638317
32.24384186613307,-104.75824915638317
31.246945333843115,-104.75824915638317
49.00000000000001,-105.93055060215916
48.22495579788434,-105.93055060215916
47.43799524862995,-105.93055060215916
46.639085880660545,-105.93055060215916
45.82820395218777,-105.93055060215916
45.00533488660494,-105.93055060215916
44.17047370914357,-105.93055060215916
43.323625483165365,-105.93055060215916
42.4648057443318,-105.93055060215916
41.59404093076307,-105.93055060215916
40.71136880717134,-105.93055060215916
39.81683888082927,-105.93055060215916
38.91051280711688,-105.93055060215916
37.992464782278745,-105.93055060215916
37.06278192092171,-105.93055060215916
36.12156461569248,-105.93055060215916
35.16892687649634,-105.93055060215916
34.204996646555486,-105.93055060215916
33.22991609255938,-105.93055060215916
32.24384186613307,-105.93055060215916
31.246945333843115,-105.93055060215916
49.00000000000001,-107.10285204793513
48.22495579788434,-107.10285204793513
47.43799524862995,-107.10285204793513
46.639085880660545,-107.10285204793513
45.82820395218777,-107.10285204793513
45.00533488660494,-107.10285204793513
44.17047370914357,-107.10285204793513
43.323625483165365,-107.10285204793513
42.4648057443318,-107.10285204793513
41.59404093076307,-107.10285204793513
40.71136880717134,-107.10285204793513
39.81683888082927,-107.10285204793513
38.91051280711688,-107.10285204793513
37.992464782278745,-107.10285204793513
37.06278192092171,-107.10285204793513
36.12156461569248,-107.10285204793513
35.16892687649634,-107.10285204793513
34.204996646555486,-107.10285204793513
33.22991609255938,-107.10285204793513
32.24384186613307,-107.10285204793513
48.22495579788434,-108.2751534937111
47.43799524862995,-108.2751534937111
46.639085880660545,-108.2751534937111
45.82820395218777,-108.2751534937111
45.00533488660494,-108.2751534937111
44.17047370914357,-108.2751534937111
43.323625483165365,-108.2751534937111
42.4648057443318,-108.2751534937111
41.59404093076307,-108.2751534937111
40.71136880717134,-108.2751534937111
39.81683888082927,-108.2751534937111
38.91051280711688,-108.2751534937111
37.992464782278745,-108.2751534937111
37.06278192092171,-108.2751534937111
36.12156461569248,-108.2751534937111
35.16892687649634,-108.2751534937111
34.204996646555486,-108.2751534937111
33.22991609255938,-108.2751534937111
32.24384186613307,-108.2751534937111
49.00000000000001,-109.44745493948709
48.22495579788434,-109.44745493948709
47.43799524862995,-109.44745493948709
46.639085880660545,-109.44745493948709
45.82820395218777,-109.44745493948709
45.00533488660494,-109.44745493948709
44.17047370914357,-109.44745493948709
43.323625483165365,-109.44745493948709
42.4648057443318,-109.44745493948709
41.59404093076307,-109.44745493948709
40.71136880717134,-109.44745493948709
39.81683888082927,-109.44745493948709
38.91051280711688,-109.44745493948709
37.992464782278745,-109.44745493948709
37.06278192092171,-109.44745493948709
36.12156461569248,-109.44745493948709
35.16892687649634,-109.44745493948709
34.204996646555486,-109.44745493948709
33.22991609255938,-109.44745493948709
32.24384186613307,-109.44745493948709
49.00000000000001,-110.61975638526306
48.22495579788434,-110.61975638526306
47.43799524862995,-110.61975638526306
46.639085880660545,-110.61975638526306
45.82820395218777,-110.61975638526306
45.00533488660494,-110.61975638526306
44.17047370914357,-110.61975638526306
43.323625483165365,-110.61975638526306
42.4648057443318,-110.61975638526306
41.59404093076307,-110.61975638526306
40.71136880717134,-110.61975638526306
39.81683888082927,-110.61975638526306
38.91051280711688,-110.61975638526306
37.992464782278745,-110.61975638526306
37.06278192092171,-110.61975638526306
36.12156461569248,-110.61975638526306
35.16892687649634,-110.61975638526306
34.204996646555486,-110.61975638526306
33.22991609255938,-110.61975638526306
32.24384186613307,-110.61975638526306
49.00000000000001,-111.79205783103903
48.22495579788434,-111.79205783103903
47.43799524862995,-111.79205783103903
46.639085880660545,-111.79205783103903
45.82820395218777,-111.79205783103903
45.00533488660494,-111.79205783103903
44.17047370914357,-111.79205783103903
43.323625483165365,-111.79205783103903
42.4648057443318,-111.79205783103903
41.59404093076307,-111.79205783103903
40.71136880717134,-111.79205783103903
39.81683888082927,-111.79205783103903
38.91051280711688,-111.79205783103903
37.992464782278745,-111.79205783103903
37.06278192092171,-111.79205783103903
36.12156461569248,-111.79205783103903
35.16892687649634,-111.79205783103903
34.204996646555486,-111.79205783103903
33.22991609255938,-111.79205783103903
32.24384186613307,-111.79205783103903
48.22495579788434,-112.964359276815
47.43799524862995,-112.964359276815
46.639085880660545,-112.964359276815
45.82820395218777,-112.964359276815
45.00533488660494,-112.964359276815
44.17047370914357,-112.964359276815
43.323625483165365,-112.964359276815
42.4648057443318,-112.964359276815
41.59404093076307,-112.964359276815
40.71136880717134,-112.964359276815
39.81683888082927,-112.964359276815
38.91051280711688,-112.964359276815
37.992464782278745,-112.964359276815
37.06278192092171,-112.964359276815
36.12156461569248,-112.964359276815
35.16892687649634,-112.964359276815
34.204996646555486,-112.964359276815
33.22991609255938,-112.964359276815
32.24384186613307,-112.964359276815
48.22495579788434,-114.13666072259097
47.43799524862995,-114.13666072259097
46.639085880660545,-114.13666072259097
45.82820395218777,-114.13666072259097
45.00533488660494,-114.13666072259097
44.17047370914357,-114.13666072259097
43.323625483165365,-114.13666072259097
42.4648057443318,-114.13666072259097
41.59404093076307,-114.13666072259097
40.71136880717134,-114.13666072259097
39.81683888082927,-114.13666072259097
38.91051280711688,-114.13666072259097
37.992464782278745,-114.13666072259097
37.06278192092171,-114.13666072259097
36.12156461569248,-114.13666072259097
35.16892687649634,-114.13666072259097
34.204996646555486,-114.13666072259097
33.22991609255938,-114.13666072259097
32.24384186613307,-114.13666072259097
49.00000000000001,-115.30896216836696
48.22495579788434,-115.30896216836696
47.43799524862995,-115.30896216836696
46.639085880660545,-115.30896216836696
45.82820395218777,-115.30896216836696
45.00533488660494,-115.30896216836696
44.17047370914357,-115.30896216836696
43.323625483165365,-115.30896216836696
42.4648057443318,-115.30896216836696
41.59404093076307,-115.30896216836696
40.71136880717134,-115.30896216836696
39.81683888082927,-115.30896216836696
38.91051280711688,-115.30896216836696
37.992464782278745,-115.30896216836696
37.06278192092171,-115.30896216836696
36.12156461569248,-115.30896216836696
35.16892687649634,-115.30896216836696
34.204996646555486,-115.30896216836696
33.22991609255938,-115.30896216836696
48.22495579788434,-116.48126361414293
47.43799524862995,-116.48126361414293
46.639085880660545,-116.48126361414293
45.82820395218777,-116.48126361414293
45.00533488660494,-116.48126361414293
44.17047370914357,-116.48126361414293
43.323625483165365,-116.48126361414293
42.4648057443318,-116.48126361414293
41.59404093076307,-116.48126361414293
40.71136880717134,-116.48126361414293
39.81683888082927,-116.48126361414293
38.91051280711688,-116.48126361414293
37.992464782278745,-116.48126361414293
37.06278192092171,-116.48126361414293
36.12156461569248,-116.48126361414293
35.16892687649634,-116.48126361414293
34.204996646555486,-116.48126361414293
33.22991609255938,-116.48126361414293
48.22495579788434,-117.65356505991892
47.43799524862995,-117.65356505991892
46.639085880660545,-117.65356505991892
45.82820395218777,-117.65356505991892
45.00533488660494,-117.65356505991892
44.17047370914357,-117.65356505991892
43.323625483165365,-117.65356505991892
42.4648057443318,-117.65356505991892
41.59404093076307,-117.65356505991892
40.71136880717134,-117.65356505991892
39.81683888082927,-117.65356505991892
38.91051280711688,-117.65356505991892
37.992464782278745,-117.65356505991892
37.06278192092171,-117.65356505991892
36.12156461569248,-117.65356505991892
35.16892687649634,-117.65356505991892
34.204996646555486,-117.65356505991892
33.22991609255938,-117.65356505991892
49.00000000000001,-118.82586650569489
48.22495579788434,-118.82586650569489
47.43799524862995,-118.82586650569489
46.639085880660545,-118.82586650569489
45.82820395218777,-118.82586650569489
45.00533488660494,-118.82586650569489
44.17047370914357,-118.82586650569489
43.323625483165365,-118.82586650569489
42.4648057443318,-118.82586650569489
41.59404093076307,-118.82586650569489
40.71136880717134,-118.82586650569489
39.81683888082927,-118.82586650569489
38.91051280711688,-118.82586650569489
37.992464782278745,-118.82586650569489
37.06278192092171,-118.82586650569489
36.12156461569248,-118.82586650569489
35.16892687649634,-118.82586650569489
34.204996646555486,-118.82586650569489
33.22991609255938,-118.82586650569489
32.24384186613307,-118.82586650569489
48.22495579788434,-119.99816795147086
47.43799524862995,-119.99816795147086
46.639085880660545,-119.99816795147086
45.82820395218777,-119.99816795147086
45.00533488660494,-119.99816795147086
44.17047370914357,-119.99816795147086
43.323625483165365,-119.99816795147086
42.4648057443318,-119.99816795147086
41.59404093076307,-119.99816795147086
40.71136880717134,-119.99816795147086
39.81683888082927,-119.99816795147086
38.91051280711688,-119.99816795147086
37.992464782278745,-119.99816795147086
37.06278192092171,-119.99816795147086
36.12156461569248,-119.99816795147086
35.16892687649634,-119.99816795147086
34.204996646555486,-119.99816795147086
48.22495579788434,-121.17046939724685
47.43799524862995,-121.17046939724685
46.639085880660545,-121.17046939724685
45.82820395218777,-121.17046939724685
45.00533488660494,-121.17046939724685
44.17047370914357,-121.17046939724685
43.323625483165365,-121.17046939724685
42.4648057443318,-121.17046939724685
41.59404093076307,-121.17046939724685
40.71136880717134,-121.17046939724685
39.81683888082927,-121.17046939724685
38.91051280711688,-121.17046939724685
37.992464782278745,-121.17046939724685
37.06278192092171,-121.17046939724685
36.12156461569248,-121.17046939724685
35.16892687649634,-121.17046939724685
49.00000000000001,-122.34277084302282
48.22495579788434,-122.34277084302282
47.43799524862995,-122.34277084302282
46.639085880660545,-122.34277084302282
45.82820395218777,-122.34277084302282
45.00533488660494,-122.34277084302282
44.17047370914357,-122.34277084302282
43.323625483165365,-122.34277084302282
42.4648057443318,-122.34277084302282
41.59404093076307,-122.34277084302282
40.71136880717134,-122.34277084302282
39.81683888082927,-122.34277084302282
38.91051280711688,-122.34277084302282
37.992464782278745,-122.34277084302282
37.06278192092171,-122.34277084302282
36.12156461569248,-122.34277084302282
48.22495579788434,-123.51507228879878
47.43799524862995,-123.51507228879878
46.639085880660545,-123.51507228879878
45.82820395218777,-123.51507228879878
45.00533488660494,-123.51507228879878
44.17047370914357,-123.51507228879878
43.323625483165365,-123.51507228879878
42.4648057443318,-123.51507228879878
41.59404093076307,-123.51507228879878
40.71136880717134,-123.51507228879878
39.81683888082927,-123.51507228879878
38.91051280711688,-123.51507228879878
37.992464782278745,-123.51507228879878
37.06278192092171,-123.51507228879878